question_text,question_type,topic,difficulty,explanation,option_a,option_b,option_c,option_d,correct_answers
Nach DIN 69901 ist ein Projekt durch die Einmaligkeit der Bedingungen in ihrer Gesamtheit gekennzeichnet.,true_false,Skript 1,easy,"Ein Projekt ist ein einmaliges Vorhaben mit besonderen Bedingungen, nicht bloße Routinearbeit.",Richtig,Falsch,,,A
Ein Projekt ist nach der Vorlesung typischerweise eine zyklisch wiederkehrende Tätigkeit ohne klaren Endpunkt.,true_false,Skript 1,easy,"Das ist falsch, weil Projekte einmalig und zielorientiert sind.",Richtig,Falsch,,,B
Ein klares und messbares Ziel gehört zu den zentralen Merkmalen eines Projekts.,true_false,Skript 1,easy,"Die Vorlesung betont, dass Ziel beziehungsweise Scope klar definiert sein müssen.",Richtig,Falsch,,,A
Die Abgrenzung gegenüber anderen Vorhaben ist nach DIN 69901 ein mögliches Projektmerkmal.,true_false,Skript 1,medium,Projekte werden unter anderem durch Abgrenzung gegenüber anderen Vorhaben und projektspezifische Organisation beschrieben.,Richtig,Falsch,,,A
Projektmanagement besteht ausschließlich aus der Terminplanung eines Projekts.,true_false,Skript 1,easy,"Projektmanagement umfasst Führungsaufgaben, Organisation, Techniken und Mittel für mehrere Projektphasen.",Richtig,Falsch,,,B
"Projektmanagement umfasst nach DIN 69901 auch Initiierung, Definition, Planung, Steuerung und Abschluss von Projekten.",true_false,Skript 1,easy,Diese Phasen werden in der Definition des Projektmanagements ausdrücklich genannt.,Richtig,Falsch,,,A
"Die projektspezifische Organisation ist für Projekte irrelevant, solange ein Budget vorhanden ist.",true_false,Skript 1,medium,"Das ist falsch, weil eine projektspezifische Organisation ausdrücklich zum Projektcharakter gehören kann.",Richtig,Falsch,,,B
"Projektmanagement ist besonders relevant, weil Digitalisierung, Wettbewerb und kürzere Entwicklungszyklen mehr Veränderungsprojekte erzeugen.",true_false,Skript 1,medium,"Die Vorlesung nennt unter anderem neue Technologien, Globalisierung und kürzere Produktlebenszyklen als Treiber.",Richtig,Falsch,,,A
Zunehmender Kosten- und Rationalisierungsdruck kann die Bedeutung von Projektmanagement erhöhen.,true_false,Skript 1,easy,Dieser Faktor wird in der Vorlesung als Ursache der wachsenden Bedeutung genannt.,Richtig,Falsch,,,A
"Der Wandel zum Direktverkauf wird in der Vorlesung als Grund genannt, warum Projektmanagement unwichtiger wird.",true_false,Skript 1,medium,Der Wandel zum Direktverkauf wird als Treiber für eine steigende Bedeutung des Projektmanagements dargestellt.,Richtig,Falsch,,,B
Henry Gantt wird in der Vorlesung mit dem Gantt-Diagramm beziehungsweise Balkenplan verbunden.,true_false,Skript 1,easy,Das Gantt-Diagramm dient der zeitlichen Darstellung von Projektschritten.,Richtig,Falsch,,,A
Gantt-Diagramme wurden laut Vorlesung historisch unter anderem im Kriegsschiffbau des Ersten Weltkriegs eingesetzt.,true_false,Skript 1,medium,Die Vorlesung nennt diesen Einsatzkontext als historisches Beispiel.,Richtig,Falsch,,,A
Activity-Charts wurden laut Vorlesung erst nach Veröffentlichung des agilen Manifests entwickelt.,true_false,Skript 1,medium,"Das ist falsch, da Activity-Charts bereits im Kontext des Zweiten Weltkriegs genannt werden.",Richtig,Falsch,,,B
Die NASA nutzte laut Vorlesung Ende der 1950er Jahre bereits eigenes Projektmanagement für Luftfahrtprojekte.,true_false,Skript 1,easy,Die Vorlesung nennt NASA-Luftfahrtprojekte als historische Station des Projektmanagements.,Richtig,Falsch,,,A
In der Industrie hielt Projektmanagement laut Vorlesung bereits in den 1830er Jahren flächendeckend Einzug.,true_false,Skript 1,medium,Die Vorlesung nennt den Einzug in die Industrie für die 1970er Jahre; 1830 bis 1880 beziehen sich auf frühe Eisenbahnprojekte.,Richtig,Falsch,,,B
Das Manhattan Engineering District Project wird in der Vorlesung als Beispiel für frühe Projektmanagement-Ideen und Tools genannt.,true_false,Skript 1,hard,Die Entwicklung der ersten Atombombe wird als historisches Beispiel für PM-Ideen und Tools erwähnt.,Richtig,Falsch,,,A
Agiles Projektmanagement hat laut Vorlesung frühe Wurzeln seit 1957.,true_false,Skript 1,medium,Die Vorlesung nennt erste Wurzeln des agilen Projektmanagements seit 1957.,Richtig,Falsch,,,A
Das agile Manifest wurde laut Vorlesung im Jahr 2001 veröffentlicht.,true_false,Skript 1,easy,Die Vorlesung ordnet die Veröffentlichung des agilen Manifests dem Jahr 2001 zu.,Richtig,Falsch,,,A
Das agile Manifest basiert laut Vorlesung auf zwölf Grundprinzipien.,true_false,Skript 1,easy,Die Folie beschreibt zwölf Prinzipien als formelle Proklamation des agilen Manifests.,Richtig,Falsch,,,A
"Das agile Manifest fordert, Änderungswünsche in späteren Entwicklungsphasen grundsätzlich abzulehnen.",true_false,Skript 1,medium,"Das ist falsch, da Änderungswünsche auch in späteren Entwicklungsphasen angenommen werden sollen.",Richtig,Falsch,,,B
Face-to-face-Kommunikation wird in den agilen Prinzipien als besonders gute Kommunikationsbasis hervorgehoben.,true_false,Skript 1,easy,Die Vorlesung nennt Face-to-face als beste Kommunikationsbasis.,Richtig,Falsch,,,A
Selbstorganisierte Teams passen zu den in der Vorlesung dargestellten agilen Prinzipien.,true_false,Skript 1,medium,"Die Folie nennt Teams, die sich selbst organisieren, als eines der Prinzipien.",Richtig,Falsch,,,A
"Im klassischen Projektmanagement sind laut Vorlesung Zeit und Aufwand fest, während der Umfang variabel ist.",true_false,Skript 1,medium,"Das ist falsch; beim klassischen PM ist der Umfang fest, während Zeit und Aufwand variabel sein können.",Richtig,Falsch,,,B
"Im agilen Projektmanagement sind laut Vorlesung Zeit und Aufwand eher fest, während der Umfang variabel sein kann.",true_false,Skript 1,medium,Dies beschreibt den Gegensatz zum klassischen Projektmanagement in der Vorlesung.,Richtig,Falsch,,,A
"Klassisches Projektmanagement arbeitet typischerweise mit Anforderungen, die zu Beginn definiert und danach abgearbeitet werden.",true_false,Skript 1,easy,Die Vorlesung beschreibt dies als Merkmal des klassischen PM.,Richtig,Falsch,,,A
Im klassischen Projektmanagement sind Stakeholder laut Vorlesung dauerhaft in jedem Arbeitsschritt eingebunden.,true_false,Skript 1,medium,"Das ist falsch, da Stakeholder im klassischen PM eher zu definierten Zeitpunkten eingebunden werden.",Richtig,Falsch,,,B
Im agilen Projektmanagement werden Aufgaben aus Backlog beziehungsweise User-Stories gebildet und in Sprints bearbeitet.,true_false,Skript 1,easy,"Die Vorlesung nennt Backlog, User-Stories und Sprints als agile Kernelemente.",Richtig,Falsch,,,A
Agiles Projektmanagement setzt laut Vorlesung auf ständige Verbesserung der Arbeitsprozesse.,true_false,Skript 1,easy,Ständige Verbesserung wird beim agilen PM ausdrücklich als erwünscht beschrieben.,Richtig,Falsch,,,A
Agiles Projektmanagement verlangt laut Vorlesung keine Mitwirkung von Stakeholdern.,true_false,Skript 1,medium,"Das ist falsch, da Stakeholder im agilen PM ständig involviert sein und mitarbeiten sollen.",Richtig,Falsch,,,B
"Das magische Dreieck verdeutlicht Zielkonflikte zwischen Zeit, Kosten und Inhalt beziehungsweise Umfang/Qualität.",true_false,Skript 1,medium,"Die Vorlesung zeigt, dass Änderungen an einem Zielbereich Auswirkungen auf andere Zielbereiche haben können.",Richtig,Falsch,,,A
Im magischen Dreieck können Stakeholdererwartungen die Bewertung des Projekterfolgs beeinflussen.,true_false,Skript 1,medium,Die Folie bezieht Erwartungen der Stakeholder ausdrücklich in das Projektzielsystem ein.,Richtig,Falsch,,,A
"Wenn Ressourcen nicht in geplanter Qualität und Anzahl vorhanden sind, kann dies die Projektzielerreichung gefährden.",true_false,Skript 1,easy,Die Vorlesung nennt Ressourcenqualität und Ressourcenanzahl als relevante Einflussgrößen.,Richtig,Falsch,,,A
Eine Ausweitung des Scope hat grundsätzlich keine Auswirkungen auf Zeit oder Kosten.,true_false,Skript 1,medium,"Das ist falsch, weil Scope, Zeit, Kosten und Ressourcen im Projektzielsystem voneinander abhängig sind.",Richtig,Falsch,,,B
Laut Vorlesung erreichen 20 Prozent aller Projekte die ursprünglichen Ziele.,true_false,Skript 1,easy,Die Projektstatistik der Vorlesung nennt 20 Prozent ursprüngliche Zielerreichung.,Richtig,Falsch,,,A
Laut Vorlesung müssen 50 Prozent aller Projekte ihre Ziele anpassen.,true_false,Skript 1,easy,Die Folie nennt 50 Prozent Zielanpassung.,Richtig,Falsch,,,A
Laut Vorlesung scheitern 80 Prozent aller Projekte vollständig oder werden nicht realisiert.,true_false,Skript 1,medium,"Das ist falsch; 80 Prozent erreichen nicht die ursprünglichen Ziele, während 30 Prozent scheitern oder nicht realisiert werden.",Richtig,Falsch,,,B
Zu hohe Anforderungen werden in der Vorlesung als möglicher Grund für Projektscheitern genannt.,true_false,Skript 1,easy,Die Folie zu Scheitergründen nennt zu hohe Anforderungen ausdrücklich.,Richtig,Falsch,,,A
Mangelndes Stakeholdermanagement ist laut Vorlesung ein möglicher Grund für Projektscheitern.,true_false,Skript 1,easy,Mangelndes Stakeholdermanagement wird ausdrücklich als Scheitergrund genannt.,Richtig,Falsch,,,A
Fehlende Unterstützung durch das Top-Management wird in der Vorlesung nicht als Projektrisiko betrachtet.,true_false,Skript 1,medium,"Das ist falsch, da fehlendes Commitment durch das Top-Management als Scheitergrund genannt wird.",Richtig,Falsch,,,B
Schlechte Kommunikation kann laut Vorlesung zum Scheitern von Projekten beitragen.,true_false,Skript 1,easy,Schlechte Kommunikation wird direkt als Scheitergrund aufgeführt.,Richtig,Falsch,,,A
"Unklare Ziele und Anforderungen sind laut Vorlesung unproblematisch, solange ein Projektteam motiviert ist.",true_false,Skript 1,medium,"Das ist falsch, weil unklare Ziele und Anforderungen als Scheitergrund genannt werden.",Richtig,Falsch,,,B
"Die SMART-orientierte Darstellung in der Vorlesung umfasst spezifisch, messbar, abgestimmt, realistisch und terminiert.",true_false,Skript 1,easy,Die Vorlesung zeigt genau diese fünf Begriffe als Erfolgsfaktoren für Zieldefinitionen.,Richtig,Falsch,,,A
Das A in der dargestellten SMART-Logik steht in der Vorlesung für 'agil'.,true_false,Skript 1,medium,Das ist falsch; in der Vorlesung steht A für abgestimmt.,Richtig,Falsch,,,B
"Messbare Ziele erleichtern die Kontrolle, ob ein Projekt seine Ziele erreicht.",true_false,Skript 1,easy,"Messbarkeit ist wichtig, damit Fortschritt und Zielerreichung objektiver überprüft werden können.",Richtig,Falsch,,,A
Das klassische Wasserfallmodell wird in der Vorlesung als Beispiel für klassisches Projektmanagement genannt.,true_false,Skript 1,easy,Die Vorlesung ordnet Wasserfall dem klassischen PM zu.,Richtig,Falsch,,,A
"Das klassische PM-Modell besteht laut Vorlesung in der Regel aus Start, Planung, Durchführung und Abschluss.",true_false,Skript 1,easy,Diese vier Phasen werden auf der Folie zum klassischen Modell genannt.,Richtig,Falsch,,,A
"Analyse, Design, Entwicklung, Test und Betrieb werden in der Vorlesung als Beispielphasen eines Softwareprojekts dargestellt.",true_false,Skript 1,medium,Die Folie zum klassischen Softwareprojekt zeigt diese Abfolge.,Richtig,Falsch,,,A
Scrum wird in der Vorlesung als typischer Bezugspunkt für agiles Projektmanagement genannt.,true_false,Skript 1,easy,"Die Vorlesung sagt, dass agiles PM sich meist auf das Scrum-Modell bezieht.",Richtig,Falsch,,,A
Agiles Projektmanagement arbeitet laut Vorlesung inkrementell in kleinen aufeinanderfolgenden Schritten.,true_false,Skript 1,medium,Die Vorlesung beschreibt Agilität ausdrücklich als inkrementell.,Richtig,Falsch,,,A
Agiles Projektmanagement arbeitet laut Vorlesung iterativ in Reflexions- und Wiederholungsschleifen.,true_false,Skript 1,medium,Die Vorlesung nennt iteratives Arbeiten mit Reflexions- und Wiederholungsschleifen.,Richtig,Falsch,,,A
Im agilen Projektmanagement steht laut Vorlesung der Kunde im Mittelpunkt.,true_false,Skript 1,easy,Die Folie zum agilen PM nennt Kundenorientierung ausdrücklich.,Richtig,Falsch,,,A
Ein Sprint Review gehört zu den in der Vorlesung dargestellten Scrum-Elementen.,true_false,Skript 1,easy,Die Scrum-Grafik enthält unter anderem Sprint Review.,Richtig,Falsch,,,A
Das Produktinkrement ist im Scrum-Ablauf der Vorlesung kein relevantes Element.,true_false,Skript 1,medium,"Das ist falsch, weil das Produktinkrement in der Scrum-Grafik dargestellt wird.",Richtig,Falsch,,,B
Hybrides Projektmanagement kombiniert laut Vorlesung klassische Prinzipien mit agilen Elementen wie Iterationen beziehungsweise Sprints.,true_false,Skript 1,medium,"Die Folie beschreibt, dass Methoden des klassischen PM in Iterationen aufgeteilt und agile Methoden eingebunden werden.",Richtig,Falsch,,,A
Hybride Projekte starten laut Vorlesung in der Regel mit einer Analysephase.,true_false,Skript 1,medium,Diese Aussage wird auf der Hybrid-Folie ausdrücklich genannt.,Richtig,Falsch,,,A
Im hybriden Vorgehen werden User-Stories für den nächsten Sprint laut Vorlesung während eines Sprints entwickelt.,true_false,Skript 1,hard,"Die Hybrid-Folie nennt, dass während eines Sprints User-Stories für den nächsten Sprint entwickelt werden.",Richtig,Falsch,,,A
Im hybriden Projektmanagement sollen Risiken laut Vorlesung erst am Ende des Projekts sichtbar werden.,true_false,Skript 1,medium,"Das ist falsch, denn Risiken sollen kleiner werden und nicht erst am Ende zutage treten.",Richtig,Falsch,,,B
Ein Statusmeeting wird in der Hybrid-Folie mit einem Review gleichgesetzt.,true_false,Skript 1,medium,Die Vorlesung formuliert Statusmeeting gleich Review.,Richtig,Falsch,,,A
"Im hybriden Vorgehen können nach Reviews Termine, Ressourcen oder Erwartungen angepasst werden.",true_false,Skript 1,medium,Die Hybrid-Folie nennt genau diese möglichen Anpassungen.,Richtig,Falsch,,,A
"Stuttgart 21 wird in der Vorlesung als Beispiel dafür verwendet, dass Großprojekte trotz Planung stark von Kosten- und Terminabweichungen betroffen sein können.",true_false,Skript 1,medium,Die Vorlesung stellt geplante Kosten und Termine den deutlich veränderten Ergebnisdaten gegenüber.,Richtig,Falsch,,,A
"Für Stuttgart 21 wurden laut Vorlesung ursprünglich Baukosten von circa 2,5 Milliarden Euro genannt.",true_false,Skript 1,easy,"Die Planungsfolie zu Stuttgart 21 nennt circa 2,5 Milliarden Euro geplante Baukosten.",Richtig,Falsch,,,A
Die Vorlesung nennt für Stuttgart 21 eine geplante Fertigstellung im Jahr 2021.,true_false,Skript 1,easy,Die Planungsdaten enthalten die geplante Fertigstellung 2021.,Richtig,Falsch,,,A
Die Vorlesung nennt für Stuttgart 21 Gesamtkosten von circa 11 Milliarden Euro mit steigender Tendenz.,true_false,Skript 1,medium,Die Ergebnisfolie nennt circa 11 Milliarden Euro mit Tendenz steigend.,Richtig,Falsch,,,A
"Stuttgart 21 zeigt laut Vorlesung, dass Bürgerbeteiligung und transparente Kommunikation bei Großprojekten bedeutungslos sind.",true_false,Skript 1,medium,"Das ist falsch, weil transparente Kommunikation und frühzeitige Einbindung der Bevölkerung als Learnings genannt werden.",Richtig,Falsch,,,B
Realistische Kosten- und Risikoabschätzung mit finanziellen Puffern ist ein Learning aus Stuttgart 21.,true_false,Skript 1,medium,Die Vorlesung nennt konservative Budgetplanung mit Pufferzonen ausdrücklich als Learning.,Richtig,Falsch,,,A
Klare Verantwortlichkeiten können laut Stuttgart-21-Learnings Verzögerungen und Mehrkosten reduzieren helfen.,true_false,Skript 1,hard,"Die Vorlesung betont klare Governance, weil unklare Zuständigkeiten zu Verzögerungen und Mehrkosten führen können.",Richtig,Falsch,,,A
Geologische und technische Machbarkeit sollten laut Stuttgart-21-Learnings erst nach Projektstart geprüft werden.,true_false,Skript 1,medium,"Das ist falsch, weil solche Risiken sorgfältig geprüft und in die Planung integriert werden sollen.",Richtig,Falsch,,,B
"Zu den Lernzielen der Vorlesung gehört, Unterschiede sowie Vor- und Nachteile unterschiedlicher Projektmanagementmethoden zu verstehen und anzuwenden.",true_false,Skript 1,easy,Dieses Lernziel wird in der Übersicht der Lernziele genannt.,Richtig,Falsch,,,A
Zu den Lernzielen gehört ausschließlich die Bedienung eines einzelnen Projektmanagementtools.,true_false,Skript 1,medium,"Das ist falsch; die Lernziele umfassen Projektcharakteristiken, Methoden, Phasen, Rollen und Tool-Landschaft.",Richtig,Falsch,,,B
Die Vorlesungsinhalte umfassen auch Projektorganisation und Führung in beziehungsweise von Projektteams.,true_false,Skript 1,easy,Beide Themen werden in der Inhaltsübersicht aufgeführt.,Richtig,Falsch,,,A
Folgende Aussagen beschreiben ein Projektportfolio im Sinne der Folien korrekt:,multiple_choice,Skript 2,medium,"Ein Portfolio bündelt Projekte mit Gemeinsamkeiten und wird koordiniert, um einen größeren Nutzen zu erzielen.",Es kann Projekte aus derselben Business Unit enthalten,Es kann Projekte aus demselben Ressourcen-Pool enthalten,"Es wird koordiniert, um Doppelarbeit zu vermeiden und Nutzen zu erhöhen",Es besteht zwingend aus nur einem einzelnen Projekt,A|B|C
Folgende Aussagen treffen auf ein Programm im Projektmanagement zu:,multiple_choice,Skript 2,medium,"Ein Programm bündelt Projekte, Sub-Projekte und Aktivitäten, um Benefits oder Synergien zu erzielen.",Es kann aus mehreren Projekten und Sub-Projekten bestehen,"Es wird koordiniert, um Synergien zu erreichen",Es kommt oft bei sehr großen Vorhaben vor,Es ist identisch mit einem einzelnen Arbeitspaket,A|B|C
Folgende Beispiele passen laut Folien typischerweise zu Programm-Kontexten:,multiple_choice,Skript 2,easy,"Programme kommen bei sehr großen Vorhaben vor, etwa in Luftfahrt, Automobilindustrie oder IT-Infrastruktur.",Luftfahrt-Branche,Automobilindustrie,IT-Infrastrukturprojekte großer Unternehmen,Ein einzelnes kleines Tagesgeschäft ohne Projektcharakter,A|B|C
Folgende Knowledge-Felder gehören zur PMBOK-orientierten Darstellung in den Folien:,multiple_choice,Skript 2,medium,"Die Grafik nennt unter anderem Scope, Time, Cost, Quality, Risk und Communications Management.",Scope Management,Time Management,Risk Management,Payroll Management,A|B|C
Folgende Soft Skills werden in den Folien als Anforderungen im Projektkontext genannt:,multiple_choice,Skript 2,easy,"Die Folie nennt unter anderem kommunikative Kompetenz, Konfliktfähigkeit, Flexibilität und vernetztes Denken.",Kommunikative Kompetenzen,Kooperation und Konfliktfähigkeit,Flexibilität beziehungsweise Agilität,Reine Einzelarbeit ohne Abstimmung,A|B|C
Folgende Phasen gehören zu den wichtigsten Projektphasen der Folien:,multiple_choice,Skript 2,easy,"Die Folie zeigt Vorbereitung, Planung, Durchführung und Abschluss als zentrale Phasen.",Vorbereitung,Planung,Durchführung,Abschluss,A|B|C|D
Folgende Aufgaben gehören zur Vorbereitungsphase eines Projekts:,multiple_choice,Skript 2,medium,"Zur Vorbereitungsphase gehören Projektentscheidung, Projektauftrag, Scope-Klärung und Projektorganisation.",Projektentscheidung und Projektauftrag herbeiführen,Ziel- beziehungsweise Scope-Klärung,Projektorganisation vorbereiten,Projektabschlussbericht nach Beendigung aller Tätigkeiten erstellen,A|B|C
Folgende Aufgaben sind in der Durchführungsphase besonders relevant:,multiple_choice,Skript 2,medium,"Die Durchführungsphase umfasst Steuerung, Controlling, Termin- und Kostenüberwachung sowie Dokumentation.",Steuerung der Projekttasks,Controlling von Terminen und Kosten beziehungsweise Budget,Dokumentation und Berichte,Erstmalige Definition des Projektauftrags nach Projektende,A|B|C
Folgende Aufgaben laufen phasenübergreifend im Projektmanagement:,multiple_choice,Skript 2,medium,"Führung, Kommunikation, externe Koordination und Meetings mit Dokumentation begleiten alle Projektphasen.",Führung des Projektteams,Kommunikation im Projektteam,Koordination und Kommunikation extern,Verzicht auf Dokumentation bis nach Abschluss,A|B|C
Folgende Inhalte gehören laut Folien zu den Tasks der Vorbereitungsphase:,multiple_choice,Skript 2,medium,"Die Vorbereitung umfasst Ziele, Grobplanung, Organisation, Verantwortlichkeiten, Stakeholder, Risiken und Kommunikation.",Projektziele klären,Stakeholder- beziehungsweise Umfeldanalyse durchführen,Risikomanagement vorbereiten,Ist-Kosten endgültig abrechnen,A|B|C
Folgende Aussagen beschreiben Projektstart als Ereignis und als Phase korrekt:,multiple_choice,Skript 2,hard,Projektstart kann als Entscheidungspunkt oder als eigene Phase bis zum Kickoff verstanden werden.,Als Ereignis kann er die Entscheidung eines Gremiums zur Projektdurchführung sein,Als Phase kann er eine festgelegte Dauer bis zum Kickoff-Meeting haben,Als Phase umfasst er vorbereitende Klärungen,Er ist immer ausschließlich die Abschlussabnahme beim Kunden,A|B|C
Folgende Fehler einer unprofessionellen Projektvorbereitung werden in den Folien genannt:,multiple_choice,Skript 2,medium,"Häufige Fehler sind unklare Ziele, fehlende Stakeholder-Einbindung, ungeklärte Zuständigkeiten und verdrängte Risiken.",Projektziele und Scope sind nicht sauber definiert,Stakeholder werden nicht einbezogen,Risiken werden ausgeblendet,Qualitätsmanagement wird konsequent und sauber eingerichtet,A|B|C
"Eine klare Zieldefinition beziehungsweise Scope-Klärung ist wichtig, weil:",multiple_choice,Skript 2,medium,"Sie schafft Planungsgrundlage, gemeinsames Verständnis, weniger Abstimmungsprobleme und ermöglicht Controlling.",Sie ist Basis für eine sichere Planungsgrundlage,Sie hilft beim Abstimmen der Projektziele zwischen Auftraggeber und Projekt,Sie ist Voraussetzung für effektives Projektcontrolling,Sie macht Kommunikation mit Stakeholdern grundsätzlich überflüssig,A|B|C
Folgende Aussagen zum Wirtschaftlichkeitsprinzip sind korrekt:,multiple_choice,Skript 2,hard,Das Wirtschaftlichkeitsprinzip zielt auf Minimal- oder Maximalprinzip und eine günstige Relation von Einsatz und Ergebnis.,Beim Minimalprinzip wird ein bestimmter Erfolg mit geringstmöglichem Mitteleinsatz angestrebt,Beim Maximalprinzip wird mit gegebenem Mitteleinsatz der größtmögliche Erfolg angestrebt,Projekte sollen nach einer günstigen Relation geplant werden,"Zeit, Kosten und Ressourcen sind für die Wirtschaftlichkeit irrelevant",A|B|C
Folgende Inhalte passen zur Machbarkeitsstudie beziehungsweise Wirtschaftlichkeitsprüfung:,multiple_choice,Skript 2,medium,"Machbarkeitsstudien und Wirtschaftlichkeitsberechnungen unterstützen die Entscheidung, ob und wie ein Projekt umgesetzt wird.",Prüfung wirtschaftlicher und technischer Realisierbarkeit,Bewertung der Umweltverträglichkeit und strategischen Passung,Kosten-Nutzen-Analyse oder Nutzwert-Analyse als Bewertungsverfahren,Verzicht auf jede Prüfung vor Projektstart,A|B|C
Folgende Qualitätsmerkmale können laut Folien bei Projektergebnissen relevant sein:,multiple_choice,Skript 2,easy,"Die Folien nennen unter anderem Fehlerfreiheit, Robustheit, Zuverlässigkeit, Lebensdauer, Funktionsumfang und Kundenzufriedenheit.",Fehlerfreiheit,Zuverlässigkeit,Kundenzufriedenheit,Zufällige Zieländerung ohne Abstimmung,A|B|C
Folgende Kreativitätstechniken werden in den Folien genannt:,multiple_choice,Skript 2,easy,"Genannt werden Brainstorming, Brainwriting/635, Mind Mapping, Morphologischer Kasten und Design Thinking.",Brainstorming,Brainwriting beziehungsweise 635-Methode,Morphologischer Kasten,Unstrukturierte Abschlussabnahme als Kreativitätstechnik,A|B|C
Folgende Rahmenbedingungen unterstützen Kreativitätstechniken im Projekt:,multiple_choice,Skript 2,medium,"Die Folien nennen klare Aufgabenstellung, ungezwungene Atmosphäre, Perspektivenvielfalt und offene Kultur.",Klare Aufgabenstellung und Zielstellung,Ungezwungene Arbeitsatmosphäre,Verschiedene Perspektiven,Strikte Vermeidung jeder abweichenden Meinung,A|B|C
Folgende Aussagen zum Projektauftrag sind korrekt:,multiple_choice,Skript 2,hard,"Der Projektauftrag genehmigt das Projekt formell, enthält zentrale Projektdaten und muss bei Änderungen abgestimmt angepasst werden.",Er genehmigt die Existenz des Projektes formell,Er kann dem Projektmanager Befugnis zum Ressourceneinsatz geben,"Er enthält wichtige Projektdaten wie Ergebnisse, Kosten und Termine",Er bleibt bei geänderten Parametern immer unverändert,A|B|C
Folgende Aussagen unterscheiden Lastenheft und Pflichtenheft korrekt:,multiple_choice,Skript 2,hard,Das Lastenheft beschreibt WAS und WOFÜR aus Auftraggebersicht; das Pflichtenheft beschreibt WIE und WOMIT der Umsetzung.,Das Lastenheft definiert das WAS und WOFÜR,Das Pflichtenheft definiert das WIE und WOMIT,Das Pflichtenheft beschreibt die Umsetzung der Anforderungen,Das Lastenheft ist zwingend eine reine Kostenabrechnung nach Projektende,A|B|C
Folgende zwei Inhalte hat der Begriff Organisation laut Folien:,multiple_choice,Skript 3,easy,Organisation meint sowohl das Herstellen organisatorischer Regelungen als auch das Ergebnis als Regelungssystem.,Organisation als Tätigkeit,Organisation als Ergebnis,Ein System verbindlicher Regelungen,Ausschließlich informelle Absprachen ohne Verbindlichkeit,A|B|C
Folgende Aufgaben hat Projektorganisation laut Folien:,multiple_choice,Skript 3,medium,Projektorganisation umfasst extern die Eingliederung in die Unternehmensorganisation und intern die Organisation des Projektes.,Externe Eingliederung des Projektes in die Unternehmensorganisation,Interne Organisation des Projektes,Verknüpfung von Projekt und Unternehmensorganisation,Ausschließliche Erstellung der Schlussrechnung,A|B|C
Folgende Projektbeteiligten werden in der Grunddarstellung der Folien sichtbar:,multiple_choice,Skript 3,easy,"Die Folien zeigen Auftraggeber/Unternehmensleitung, Projektleiter, Projektteam und Lenkungsausschuss.",Auftraggeber beziehungsweise Unternehmensleitung,Projektleiter,Projektmitarbeiter beziehungsweise Projektteam,Lenkungsausschuss,A|B|C|D
Folgende Aufgaben und Funktionen hat der Lenkungsausschuss:,multiple_choice,Skript 3,medium,Der Lenkungsausschuss überwacht als Kontroll- und Entscheidungsgremium die Projektdurchführung.,Überwachung der Projektdurchführung,Kontroll- und Entscheidungsgremium,"Betreuung durch Beratung, Koordination oder Controlling",Ausschließliche operative Bearbeitung aller Arbeitspakete,A|B|C
Folgende Aussagen zur Besetzung des Lenkungsausschusses sind korrekt:,multiple_choice,Skript 3,medium,Bei wichtigen Projekten sind Leitungsebene und beteiligte Abteilungen relevant; bei externen Projekten kann der Auftraggeber beratend vertreten sein.,Bei unternehmenskritischen Projekten sind häufig Mitglieder der Leitungsebene vertreten,Bei internen Projekten sind meist Vertreter beteiligter Abteilungen vertreten,Bei externen Projekten sollte der Auftraggeber beratend vertreten sein,Der Lenkungsausschuss besteht zwingend nur aus externen Lieferanten,A|B|C
Folgende Merkmale der Stabs- beziehungsweise Einfluss-Projektorganisation sind korrekt:,multiple_choice,Skript 3,medium,In der Stabs-Projektorganisation verfügt die Projektleitung weder fachlich noch disziplinarisch über Weisungsbefugnis.,Der Projektleiter hat keine fachliche Weisungsbefugnis,Der Projektleiter hat keine disziplinarische Weisungsbefugnis,Projektmitarbeiter verbleiben in ihren Abteilungen,Der Projektleiter ist vollständiger disziplinarischer Vorgesetzter aller Projektmitglieder,A|B|C
Folgende Vorteile hat die Stabs-Projektorganisation:,multiple_choice,Skript 3,easy,"Die bestehende Organisation bleibt erhalten, die Projektorganisation ist schnell einrichtbar und Mitarbeitende bleiben fachlich eingebunden.",Die Organisation wird nicht verändert,Sie kann schnell eingerichtet und aufgelöst werden,Projektmitarbeiter bleiben in ihren Abteilungen fachlich eingebunden,Sie garantiert automatisch konfliktfreie Durchsetzung aller Maßnahmen,A|B|C
Folgende Nachteile der Stabs-Projektorganisation werden genannt:,multiple_choice,Skript 3,medium,"Nachteile sind fehlende Weisungsbefugnis, hoher Koordinationsaufwand und Interessenkonflikte mit der Linie.",Keine Weisungsbefugnis,Aufwendige Abstimmung und Koordination,Maßnahmen sind wegen Linieninteressen schwer durchzusetzen,Geringer Kommunikationsbedarf durch vollständige Autonomie,A|B|C
Folgende Merkmale der Matrix-Projektorganisation sind korrekt:,multiple_choice,Skript 3,medium,"In der Matrix bleibt die Linie disziplinarisch zuständig, während die Projektleitung fachliche Projektanweisungen gibt.",Der Linienmanager bleibt disziplinarischer Vorgesetzter,Der Projektleiter wird fachlicher Vorgesetzter,Befugnisse sind zwischen Linie und Projekt geteilt,Die Projektmitarbeiter verlassen dauerhaft jede Fachabteilung,A|B|C
Folgende Vorteile der Matrix-Projektorganisation werden in den Folien genannt:,multiple_choice,Skript 3,medium,"Die Matrix ermöglicht Auslastungssteuerung, Wissensaustausch, flexible Nutzung von Spezialwissen und abteilungsübergreifende Zusammenarbeit.",Gute Auslastungssteuerung,Guter Wissensaustausch,Flexible Nutzung von Spezialwissen,Vollständiger Wegfall von Konfliktpotenzial,A|B|C
Folgende Nachteile der Matrix-Projektorganisation sind relevant:,multiple_choice,Skript 3,medium,Die Matrix kann Überlastung und Konflikte durch geteilte Befugnisse und Verantwortlichkeiten erzeugen.,Gefahr der Überlastung durch Linie und Projekt,Konfliktpotenzial durch geteilte Befugnisse,Konfliktpotenzial durch geteilte Verantwortlichkeiten,Keine Notwendigkeit zur Abstimmung mit der Linie,A|B|C
Folgende Merkmale der autonomen beziehungsweise reinen Projektorganisation sind korrekt:,multiple_choice,Skript 3,medium,Bei der autonomen Projektorganisation sind Mitarbeitende fachlich und disziplinarisch der Projektleitung unterstellt.,Mitarbeiter sind fachlich dem Projektleiter unterstellt,Mitarbeiter sind disziplinarisch dem Projektleiter unterstellt,Sie eignet sich für große oder extrem zeitkritische Projekte,Sie ist grundsätzlich nur für kleine nicht-kritische Projekte vorgesehen,A|B|C
Folgende Vorteile hat die autonome Projektorganisation:,multiple_choice,Skript 3,easy,"Vorteile sind klare Befugnisse, geringeres Konfliktpotenzial, hohe Identifikation und direkte Kommunikation.",Klare Befugnisse und Verantwortlichkeiten,Geringes Konfliktpotenzial,Hohe Identifikation mit dem Projekt,Schwieriger Wissensaustausch mit der Linie als Vorteil,A|B|C
Folgende Nachteile der autonomen Projektorganisation werden genannt:,multiple_choice,Skript 3,medium,"Nachteile können hoher Einrichtungs- und Auflösungsaufwand, schwierige Auslastung und erschwerter Wissensaustausch mit der Linie sein.",Aufwendig bei Einrichtung und Auflösung,Auslastungssteuerung kann schwierig sein,Wissensaustausch mit der Linie kann schwierig sein,Keine klare Verantwortung im Projekt,A|B|C
Folgende Kompetenzen beziehungsweise Fähigkeiten sollte ein Projektleiter besitzen:,multiple_choice,Skript 3,easy,"Die Folien nennen Methoden-, Fach-, Sozial-, persönliche und Organisationskompetenz.",Methodenkompetenz,Fachkompetenz,Sozialkompetenz,Organisationskompetenz,A|B|C|D
Folgende Aufgaben und Verantwortungen gehören zur Projektleitung:,multiple_choice,Skript 3,medium,"Projektleitung umfasst Planen, Steuern, Führen, Kommunizieren sowie Verantwortung für Ziele, Budget und Vertragserfüllung.","Planen, Steuern und Führen",Kommunizieren und Informieren,Erreichen der Projektziele und Budgeteinhaltung,Verzicht auf Entscheidungen in Planung und Durchführung,A|B|C
Folgende Aussagen zur Teamzusammenstellung sind korrekt:,multiple_choice,Skript 3,medium,"Fachkompetenz, Abteilungszugehörigkeit, ausgewogene Zusammensetzung und klare Aufgaben sind wichtige Kriterien.",Fachkompetenz ist wichtig,Fachliche und soziale Kompetenzen sollten ausgewogen sein,"Aufgaben, Verantwortung und Befugnisse müssen früh geklärt werden",Zuständigkeiten sollten bewusst bis zum Projektende offen bleiben,A|B|C
Folgende Aussagen zu Arbeitspaketen und Arbeitsaufträgen im Team sind korrekt:,multiple_choice,Skript 3,medium,"Der PSP definiert Arbeitspakete, die eindeutig zugeordnet werden und Zielvereinbarungen enthalten.",Arbeitspakete werden im PSP definiert,Arbeitspakete werden Arbeitspaketleitern oder Projektmitarbeitern zugeordnet,Arbeitsaufträge enthalten Zielvereinbarungen,Arbeitspaketverantwortliche übernehmen keinerlei Verantwortung,A|B|C
Folgende Aussagen zum Stakeholder-Begriff sind korrekt:,multiple_choice,Skript 3,medium,Stakeholder haben Interesse am Projekt oder sind betroffen; sie können Personen oder Gruppen sein.,Stakeholder können Personen oder Personengruppen sein,Stakeholder haben ein Interesse oder sind betroffen,"Kunden, Mitarbeitende, Lieferanten oder Aktionäre können Stakeholder sein",Stakeholder sind ausschließlich Mitglieder des Projektteams,A|B|C
Folgende Ziele verfolgt die Stakeholder-Analyse:,multiple_choice,Skript 3,medium,"Die Stakeholder-Analyse soll Einfluss, Betroffenheit, Unterstützung, Herausforderungen und kritische Stakeholder sichtbar machen.",Projektkritische Stakeholder herausfiltern,Einflussstarke Stakeholder erkennen,Unterstützer und herausfordernde Stakeholder unterscheiden,Alle Stakeholder grundsätzlich ignorieren,A|B|C
Folgende Quadranten der Stakeholder-Matrix sind korrekt beschrieben:,multiple_choice,Skript 3,hard,Die Matrix unterscheidet Einfluss und Interesse und leitet passende Maßnahmen ab.,Viel Einfluss und großes Interesse: Schlüsselfiguren eng begleiten,Viel Einfluss und geringes Interesse: zufriedenstellen,Wenig Einfluss und großes Interesse: informieren,Wenig Einfluss und geringes Interesse: intensive tägliche Abstimmung als Schlüsselfigur,A|B|C
Folgende Stakeholder-Maßnahmen werden in den Folien genannt:,multiple_choice,Skript 3,easy,"Genannt werden Kommunikationsplan, Projektmarketing, Informationsveranstaltungen, Workshops und Meilenstein-Aktivitäten.",Kommunikationsplan,Gezielte Projektmarketing-Maßnahmen,Workshops mit Betroffenen,Bewusster Ausschluss kritischer Stakeholder ohne Analyse,A|B|C
Folgende Aussagen zum Risikobegriff im Projektmanagement sind korrekt:,multiple_choice,Skript 3,hard,Risiken sind unsichere Ereignisse; nach PMI können darunter sowohl Bedrohungen als auch Chancen fallen.,Risiken sind Ereignisse mit unsicherem Eintritt,Risiken können auch Chancen umfassen,Projekte bringen aufgrund ihrer Einmaligkeit Risiken mit sich,Risiko meint ausschließlich bereits eingetretene sichere Schäden,A|B|C
Folgende Schritte umfasst der Risikomanagement-Prozess laut Folien:,multiple_choice,Skript 3,easy,"Der Prozess umfasst Risiken identifizieren, analysieren, behandeln und kontrollieren.",Risiken identifizieren,Risiko-Analyse,Risiko-Behandlung beziehungsweise Mitigation,Risiko-Kontrolle,A|B|C|D
Folgende Fragen gehören zur Risikoanalyse:,multiple_choice,Skript 3,medium,Die Analyse bewertet Eintrittswahrscheinlichkeit und Auswirkungen auf das Projekt.,Wie hoch ist die Eintrittswahrscheinlichkeit?,Welche Auswirkungen hätte der Eintritt auf das Projekt?,Welche Maßnahmen sind für den Eintrittsfall vorzubereiten?,Wie kann das Risiko ohne Analyse aus der Dokumentation gelöscht werden?,A|B|C
Folgende Aussagen zur Projektkommunikation sind korrekt:,multiple_choice,Skript 3,medium,"Interne Kommunikation klärt Informationsflüsse, Meetings und Regeln; externe Kommunikation richtet sich an Auftraggeber, Leitung und Stakeholder.","Es ist zu klären, wer wen wann wie worüber informiert",Teammeetings müssen geplant werden,"Externe Kommunikation kann Auftraggeber, Unternehmensleitung, Lenkungsausschuss und Stakeholder betreffen",Kommunikationsbeziehungen sinken bei mehr Beteiligten automatisch,A|B|C
Folgende Elemente können zur Projektdokumentation und Berichtsplanung gehören:,multiple_choice,Skript 3,medium,"Zu planen sind Dokumentationsstruktur, Ablage, Ergebnisfesthaltung und zielgruppenorientierte Berichte.","Festlegen, was wie von wem dokumentiert wird",Struktur und elektronische Ablage planen,Zielgruppenorientierte Berichte wie Dashboard oder Projektstatusbericht planen,Dokumentation erst nach Projektabschluss zufällig sammeln,A|B|C
Folgende Aussagen unterscheiden Projektstart-Workshop und Kickoff-Meeting korrekt:,multiple_choice,Skript 3,hard,Der Projektstart-Workshop ist eher teamintern und arbeitsorientiert; das Kickoff-Meeting ist formeller und bezieht weitere Beteiligte ein.,Der Projektstart-Workshop ist vorwiegend projektteam-intern,Der Projektstart-Workshop ist ein echtes Arbeitsmeeting,Das Kickoff-Meeting bezieht weitere Projektbeteiligte ein und ist formeller,Bei großen Projekten sind beide Veranstaltungen zwingend immer identisch,A|B|C
Folgende Aufgaben sollte die Projektleitung vor Zusammenstellung des Projektteams bearbeiten:,multiple_choice,Skript 4,medium,"Vor Teamzusammenstellung sollen eigene Ziele, Mission und Erwartungen an Teamperformance geklärt werden.",Eigene Ziele festlegen,Eine attraktive Mission für das Veränderungsvorhaben entwickeln,Nachvollziehbare Ziele und Erwartungen an das Team formulieren,Alle Rollen erst nach Projektabschluss definieren,A|B|C
Folgende Aufgaben gehören zur Einführung des Projektteams:,multiple_choice,Skript 4,medium,"Beim Teamstart sollen persönliche Ziele, Rollen, Erwartungen, Regeln, Kommunikation und Lösungsansätze gemeinsam geklärt werden.",Persönliche Ziele mit Teammitgliedern herausarbeiten,"Rollen, Aufgaben und Erwartungen beschreiben",Regeln der Zusammenarbeit sowie Informations- und Kommunikationsprozesse etablieren,Kommunikation bewusst unstrukturiert lassen,A|B|C
Folgende Führungsaufgaben sind mitten im Projekt relevant:,multiple_choice,Skript 4,medium,"In der Projektmitte werden Vorgehensweisen reflektiert, überarbeitet und Rollen mit Erwartungen abgeglichen.",Vorgehensweisen und Lösungsansätze mit Blick auf Wirkungen reflektieren,Vorgehensweisen auf Basis der Analyse überarbeiten,Rollen und Aufgaben mit Erwartungen abgleichen,Planungssicherheit für Teammitglieder vermeiden,A|B|C
Folgende Aufgaben gehören zum Ende eines Projektes aus Führungssicht:,multiple_choice,Skript 4,medium,"Zum Ende sind Prioritäten, Ergebnis-Kommunikation, Reflexion und Würdigung von Erfolgen relevant.",Prioritäten für restliche Aufgaben setzen,Kommunikationswege für Projektergebnisse identifizieren,Prozess- und Ergebnisqualität gemeinsam reflektieren,Erfolge grundsätzlich nicht mit Auftraggebern teilen,A|B|C
Folgende Aussagen zum Schutz der Teammitglieder passen zu den Folien:,multiple_choice,Skript 4,medium,"Projektleitung soll wertschätzend führen, Überforderung vermeiden und Stabilität, Sicherheit und Orientierung geben.",Wertschätzenden Umgang pflegen,Vor Ausbrennen und Überforderung schützen,"Stabilität, Sicherheit, Klarheit und Orientierung geben",Unterforderung kann niemals ein Problem sein,A|B|C
Folgende Eigenschaften sollte eine Projektleitung in einem veränderlichen Umfeld zeigen:,multiple_choice,Skript 4,medium,"Die Folien betonen Orientierung, Geduld, Reflexion, Flexibilität und Purpose-Vermittlung.",Entwicklungsziele geduldig begleiten,Reflektierenden Stil bei Problembesprechungen pflegen,Flexibel in Denken und Handeln sein,Den Purpose vor Projektmitgliedern verbergen,A|B|C
Folgende Tipps zur Führung von Projektteams werden genannt:,multiple_choice,Skript 4,easy,"Die Folien nennen Team motivieren, offene Zusammenarbeit, Einbindung und spezifisches Lob.",Das Team motivieren,Offene und ehrliche Zusammenarbeit fördern,Projektmitarbeiter einbinden,Lob grundsätzlich vermeiden,A|B|C
Folgende Aussagen zur Rolle der Projektleitung im Team passen zu den Folien:,multiple_choice,Skript 4,hard,"Projektleitung ist häufig nicht formaler Chef, sondern Koordinator von Experten und sollte eher delegieren als bestimmen.",Projektleiter sind oft eher Koordinatoren von Experten,Projektmitglieder sollen in Planung und Durchführung ihrer Aufgaben eingebunden werden,Delegieren ist wichtiger als bloßes Bestimmen,Projektleitung sollte jede Detailaufgabe selbst ausführen,A|B|C
Folgende Verhaltensweisen unterstützen eine offene Zusammenarbeit im Projektteam:,multiple_choice,Skript 4,medium,"Die Folien nennen Probleme offen ansprechen, andere Meinungen akzeptieren, viel kommunizieren und Beteiligung an Entscheidungen.",Probleme nicht unter den Tisch kehren,Andere Meinungen akzeptieren,Team in Planungen und Entscheidungen einbinden,"Kritische Informationen zurückhalten, um Konflikte zu vermeiden",A|B|C
"Spezifisches Lob im Projektteam kann sinnvoll sein, weil:",multiple_choice,Skript 4,medium,Spezifische Anerkennung stärkt Zusammenarbeit und erleichtert später auch kritisches Feedback.,Es würdigt konkret gute Tätigkeiten,Es kann Anerkennung und Motivation fördern,Es kann kritisches Feedback erleichtern,Es ersetzt jede fachliche Klärung von Aufgaben,A|B|C
Folgende Aussagen zur Führung in Projekten sind fachlich richtig:,multiple_choice,Skript 4,hard,Führung in Projekten unterscheidet sich von Linienführung und erfordert neben Methoden auch Kommunikations- und Führungskompetenz.,Führen in Projekten unterscheidet sich von Führung in der Linienorganisation,Projektleiter benötigen neben PM-Methoden auch Führungskompetenzen,Kommunikation und Orientierung sind wesentliche Führungsaufgaben,Projektführung besteht ausschließlich aus Terminplanpflege,A|B|C
"Folgende Maßnahmen helfen, Planungssicherheit für Projektteammitglieder herzustellen:",multiple_choice,Skript 4,hard,"Planungssicherheit entsteht durch Rollenklärung, Erwartungsabgleich, Reflexion der Vorgehensweise und nachvollziehbare Kommunikation.",Rollen und Aufgaben mit Erwartungen abgleichen,Vorgehensweisen und Lösungsansätze reflektieren,Informations- und Kommunikationsprozesse etablieren,Alle Erwartungen implizit und unausgesprochen lassen,A|B|C
Folgende Aussagen unterscheiden operatives und strategisches Projektmanagement korrekt:,multiple_choice,Skript 5,medium,Operatives PM steuert ein konkretes Projekt; strategisches PM steuert das Projektportfolio nach Unternehmensstrategie.,Operatives PM ist Führung und Steuerung eines konkreten Projektes,Strategisches PM steuert das unternehmensinterne Projektportfolio,Strategisches PM orientiert sich an strategischen Vorgaben,Operatives PM ersetzt alle Portfolioentscheidungen vollständig,A|B|C
Folgende Inhalte gehören zum operativen Projektmanagement:,multiple_choice,Skript 5,medium,"Operatives PM umfasst Initiierung, Planung, Steuerung, Überwachung, Abschluss und den Umgang mit Komplexität im konkreten Projekt.","Initiierung, Planung, Steuerung und Überwachung",Abschluss von Projekten,Umgang mit Komplexität und Teamarbeit,Auswahl aller Projekte eines Konzerns ohne Bezug zum Einzelprojekt,A|B|C
Folgende Aussagen zum strategischen Projektmanagement sind korrekt:,multiple_choice,Skript 5,medium,"Strategisches PM betrachtet Projekte als Organisationsform, Instrument zur Strategieumsetzung und Portfolio-/Multiprojektmanagement.",PM als ergänzende Organisationsform,PM als Instrument zur Strategieumsetzung,Projektportfolio- beziehungsweise Multiprojektmanagement,Ausschließlich Tagessteuerung eines einzelnen Arbeitspakets,A|B|C
Folgende Kriterien sind für die Aufnahme eines Projekts ins Portfolio relevant:,multiple_choice,Skript 5,medium,"Strategische Zielwirkung, Mehrwert, Ausrichtung, Dringlichkeit, Kapazitäten, Risiken und Informationen sind zu prüfen.",Beitrag zu Unternehmenszielen,Mehrwert für strategische Unternehmensziele,"Verfügbarkeit finanzieller, personeller und materieller Kapazitäten",Reines Bauchgefühl ohne Informationen,A|B|C
Folgende Fragen gehören zur strategischen Bewertung eines Projekts:,multiple_choice,Skript 5,hard,"Strategische Projektbewertung fragt nach strategischer Ausrichtung, Dringlichkeit, Risiken und Informationsverfügbarkeit.",Welches Ausmaß hat die strategische Ausrichtung?,Welche Dringlichkeit hat das Projekt?,Wie sind Art und Höhe der Projektrisiken?,Welche Farbe hat das Projektlogo als einziges Entscheidungskriterium?,A|B|C
Folgende Aussagen zum strategischen Projektmanagement als Steuerungsinstrument stimmen:,multiple_choice,Skript 5,hard,"Strategisches PM priorisiert aussichtsreiche Projekte, verschiebt oder verwirft andere und steuert das Portfolio mit Regeln und Prozessen.",Es priorisiert aussichtsreiche Projekte,Es kann andere Projekte verschieben oder verwerfen,"Es nutzt verbindliche Strukturen, Regeln und Prozesse",Es vermeidet jede Verbindung zu Unternehmenszielen,A|B|C
Folgende Aussagen zeigen die Verbindung von operativem und strategischem PM korrekt:,multiple_choice,Skript 5,hard,Die Folien beschreiben beide als zwei Seiten einer Medaille: Einzelprojektsteuerung und übergeordnete Portfoliosteuerung greifen zusammen.,Operatives PM fokussiert konkrete Projektumsetzung,Strategisches PM fokussiert Portfolioausrichtung,Beide Perspektiven ergänzen sich,Strategisches PM macht operatives PM im Einzelprojekt überflüssig,A|B|C
Folgende Elemente gehören zur Etablierung einer professionellen PM-Kultur:,multiple_choice,Skript 5,medium,"Strategisches PM nennt projektorientiertes Unternehmen, professionelle PM-Kultur und verbindliche Portfolio-Prozesse.",Projektorientiertes Unternehmen,Projektportfolio- beziehungsweise Multiprojektmanagement,Professionelle PM-Kultur,Rein zufällige Projektauswahl ohne Regeln,A|B|C
Folgende Aussagen zu externen Projekten in der strategischen Bewertung sind korrekt:,multiple_choice,Skript 5,medium,Bei externen Projekten ist auch die Bedeutung des Kunden beziehungsweise Auftraggebers für das eigene Unternehmen relevant.,Die Bedeutung des Kunden kann ein Bewertungskriterium sein,Der Auftraggeber des Projekts kann strategisch relevant sein,Kundenbedeutung kann in die Portfolioentscheidung einfließen,Kunden sind bei externen Projekten grundsätzlich irrelevant,A|B|C
Folgende Aussagen beschreiben operatives Projektmanagement als Führungs- und Managementaufgabe:,multiple_choice,Skript 5,medium,Operatives PM ist eine anspruchsvolle Führungs- und Managementaufgabe zur Bewältigung komplexer Projektaufgaben.,Es dient der Bewältigung komplexer Aufgaben,Es umfasst Führung und Steuerung,Es beinhaltet Teamarbeit,Es beschränkt sich ausschließlich auf Ablage von Protokollen,A|B|C
Folgende Aussagen zum Projektstrukturplan sind korrekt:,multiple_choice,Skript 6,medium,Der PSP gliedert den gesamten Leistungsumfang in Teilaufgaben und Arbeitspakete und schafft Transparenz.,Er gliedert den Leistungsumfang in Teilaufgaben und Arbeitspakete,"Er unterstützt Planen, Steuern und Überwachen",Er schafft Transparenz gegenüber Stakeholdern,Er ersetzt den Projektauftrag vollständig,A|B|C
Folgende Zwecke erfüllt ein Projektstrukturplan laut Folien:,multiple_choice,Skript 6,medium,"Der PSP dient Zielprüfung, Arbeitspaketbestimmung, Dokumentengliederung und Risikomanagement-Grundlage.",Vollständige Darstellung des Leistungsumfangs,Bestimmung der Arbeitspakete,Grundlage für Risikomanagement und Projektsitzungen,Vermeidung jeglicher Projektstruktur,A|B|C
Folgende Aufbauarten eines PSP werden genannt:,multiple_choice,Skript 6,easy,"Der PSP kann funktionsorientiert, objektorientiert, phasen-/ablauforientiert oder gemischt aufgebaut sein.",Funktionsorientiert,Objektorientiert,Phasen- beziehungsweise ablauforientiert,Gemischtorientiert,A|B|C|D
Folgende Aussagen zu Top-Down und Bottom-Up beim PSP sind korrekt:,multiple_choice,Skript 6,medium,Top-Down zerlegt die Gesamtaufgabe; Bottom-Up sammelt Einzelaktivitäten und bündelt sie nach oben.,Top-Down zerlegt die Gesamtaufgabe in Teilprojekte und Arbeitspakete,Bottom-Up sammelt Einzelaktivitäten und fasst sie zusammen,Beide Ansätze können zur Strukturierung beitragen,"Bottom-Up bedeutet, den PSP nie zu strukturieren",A|B|C
Folgende Aussagen zu Arbeitspaketen sind korrekt:,multiple_choice,Skript 6,medium,"Arbeitspakete sind kleinste PSP-Elemente, in sich geschlossene Aufgaben mit Start, Ende, Umfang und Kostenschätzung.",Sie sind das kleinste Element im PSP,Sie sind in sich geschlossene Aufgabenstellungen,Sie haben Start- und Endzeitpunkt sowie klaren Inhalt,Sie dürfen niemals einer verantwortlichen Person zugewiesen werden,A|B|C
Folgende Anforderungen sollten Arbeitspakete erfüllen:,multiple_choice,Skript 6,medium,"AP sollten klar beschrieben, abgegrenzt, zuordenbar und eindeutig verantwortlich sein.","Ziele, Aktivitäten, Zeiten und Kosten klar beschreiben",Als eigenständige und abgegrenzte Einheiten formulieren,Eindeutigen Verantwortlichen festlegen,Externe Aufgaben nie als eigene Arbeitspakete formulieren,A|B|C
Folgende Aussagen zur Größe von Arbeitspaketen sind korrekt:,multiple_choice,Skript 6,hard,"Zu große AP erschweren frühe Abweichungserkennung, zu kleine AP erhöhen Planungs- und Controllingaufwand.",Zu große Arbeitspakete erschweren frühzeitiges Erkennen von Abweichungen,Zu kleine Arbeitspakete erhöhen Planungs- und Controllingaufwand,Das Kostenvolumen sollte weder zu klein noch zu groß sein,"Je kleiner jedes AP, desto geringer ist immer der Controllingaufwand",A|B|C
Folgende Aussagen zum PSP in agilen Projekten sind korrekt:,multiple_choice,Skript 6,hard,Auch agile Projekte können Struktur benötigen; PSP-Elemente können in Backlog-Strukturen überführt werden.,Ein PSP kann auch in agilen Projekten als Startpunkt sinnvoll sein,Statt fester Endpunkte können Zeitintervalle beziehungsweise Sprints eingeplant werden,Objektorientierte Gliederungen können die Übernahme ins Backlog erleichtern,Agile Projekte dürfen niemals Struktur besitzen,A|B|C
Folgende Aussagen zum Ablaufplan sind korrekt:,multiple_choice,Skript 6,medium,"Der Ablaufplan ordnet Arbeitspakete zeitlich-logisch, unterscheidet seriell und parallel, setzt aber noch keine Termine.",Alle Arbeitspakete müssen bekannt sein,Serielle und parallele Bearbeitung wird erkannt,Termine werden in diesem Schritt noch nicht festgelegt,Der Ablaufplan ist identisch mit der Schlussrechnung,A|B|C
Folgende Aussagen zur Zeit- und Terminplanung sind korrekt:,multiple_choice,Skript 6,medium,"Der Terminplan baut auf dem Ablaufplan auf und ermittelt Projektdauer, Anfang/Ende von Vorgängen und Pufferzeiten.",Der Terminplan baut auf dem Ablaufplan auf,Zeitblöcke der Vorgänge werden zunächst geschätzt,Pufferzeiten können ermittelt werden,Der Terminplan wird ohne Vorgangsdauern erstellt,A|B|C
Folgende Methoden der Terminplanung werden in den Folien genannt:,multiple_choice,Skript 6,easy,"Genannt werden einfache Listen, Balkendiagramme/Gantt-Charts und Netzplantechnik.",Einfache Listen,Balkendiagramme beziehungsweise Gantt-Charts,Netzplantechnik,Bilanzanalyse als alleinige Terminplanung,A|B|C
Folgende Aussagen zu Meilensteinen sind korrekt:,multiple_choice,Skript 6,medium,"Meilensteine sind Prüfpunkte beziehungsweise Ereignisse ohne Zeitdauer, häufig am Ende von Phasen.",Sie können Prüfpunkte sein,"Sie markieren Ereignisse wie Abschluss, Beginn oder Entscheidung",Sie haben keine Zeitdauer,Sie sind immer mehrtägige Vorgänge mit Ressourceneinsatz,A|B|C
Folgende Aussagen zur Netzplantechnik sind korrekt:,multiple_choice,Skript 6,medium,"Die Netzplantechnik stellt Projektprozesse grafisch dar, identifiziert kritische Abläufe und unterstützt Überwachung und Steuerung.",Sie ist eine grafische Darstellung eines Projektprozesses,Sie kann kritische Aktivitäten und Abläufe identifizieren,Sie kann zur Projektüberwachung und -steuerung eingesetzt werden,Sie ist bei vielen Arbeitspaketen immer völlig aufwandslos,A|B|C
Folgende Vorteile der Netzplantechnik werden genannt:,multiple_choice,Skript 6,medium,"NPT zwingt zum logischen Durchdenken, zeigt Abhängigkeiten und unterstützt Ressourcen- und Kapazitätsplanung.",Logisches Durchdenken des Projektverlaufs,Übersichtliche Darstellung komplizierter Abhängigkeiten,Zeitgerechte Planung von Ressourcen und Kapazitäten,Verzicht auf jede Terminlogik,A|B|C
Folgende Elemente gehören zur Netzplantechnik:,multiple_choice,Skript 6,hard,"NPT nutzt Vorgänge, laufende Nummern, Anfangs-/Endzeitpunkte, Dauer und Pufferzeiten.",FAZ und FEZ,SAZ und SEZ,Dauer des Vorgangs,Gesamtpuffer,A|B|C|D
Folgende Methoden der Netzplantechnik werden genannt:,multiple_choice,Skript 6,hard,"Die Folien nennen Critical Chain Method, Critical Path Method und PERT.",CCP beziehungsweise Critical Chain Method,CPM beziehungsweise Critical Path Method,PERT beziehungsweise Program Evaluation/Review Technique,SMART als Netzplanverfahren,A|B|C
Folgende Aussagen zur Ressourcenplanung sind korrekt:,multiple_choice,Skript 6,medium,"Ressourcen müssen in Qualität, Quantität, Zeit und Ort passen.",Richtige Ressourcen in richtiger Qualität,Richtige Menge beziehungsweise Quantität,Zur richtigen Zeit und am richtigen Ort,Ressourcenbedarf ist unabhängig von Arbeitspaketen,A|B|C
Folgende Aufgaben gehören zur Ressourcenplanung:,multiple_choice,Skript 6,medium,"Ressourcenplanung umfasst Bedarfsermittlung, Kapazitätsermittlung, Engpassanalyse und Optimierung.",Bedarfsermittlung,Ermittlung verfügbarer Kapazitäten,Ermittlung möglicher Engpässe,Optimierung des Ressourceneinsatzes,A|B|C|D
Folgende Aussagen zur Personalplanung sind korrekt:,multiple_choice,Skript 6,medium,Personalplanung ermittelt den Bedarf je Arbeitspaket und kann über Ressourcenbedarf geteilt durch Mitarbeiterzahl die Vorgangsdauer ableiten.,Sie wird auch Personalbedarfsplanung genannt,Der Personalbedarf wird für jedes Arbeitspaket identifiziert,Vorgangsdauer kann aus Ressourcenbedarf geteilt durch Mitarbeiterzahl abgeleitet werden,Personalplanung betrifft nur externe Projekte und nie interne,A|B|C
Folgende Beispiele gehören zu Sachmitteln beziehungsweise Betriebsmitteln:,multiple_choice,Skript 6,easy,"Sachmittel/Material umfasst Rohstoffe, Betriebsstoffe, Zukaufteile; Betriebsmittel umfassen Maschinen, Anlagen, Räume oder EDV.",Rohstoffe und Betriebsstoffe,Zukaufteile,Maschinen und Anlagen,Räume und EDV-Equipment,A|B|C|D
Folgende Maßnahmen können bei Ressourcenengpässen helfen:,multiple_choice,Skript 6,medium,"Bei Engpässen können Pufferzeiten genutzt, Kapazitäten erweitert, Projekte verlängert, priorisiert oder andere Einsatzmittel verwendet werden.",Ausgleich durch Nutzung von Pufferzeiten,Kapazitätserweiterung,Projektverlängerung oder Priorisierung,Einsatz anderer Einsatzmittel,A|B|C|D
Folgende Ziele verfolgt die Kostenplanung:,multiple_choice,Skript 6,medium,"Kostenplanung dient interner Wirtschaftlichkeitsrechnung, Angebots-/Rechnungsbasis, Finanzplanung und Controlling.",Wirtschaftlichkeitsrechnung bei internen Projekten,Basis für Angebotserstellung und Rechnungsstellung bei externen Projekten,Grundlage der Finanzplanung,Ermittlung der Plankosten für projektbegleitendes Controlling,A|B|C|D
Folgende Kostenarten werden in der Kostenplanung der Folien unterschieden:,multiple_choice,Skript 6,easy,"Die Folien unterscheiden Personal-, Sach-/Material-, Betriebsmittel-, sonstige und Gemeinkosten.",Personalkosten,Sach- und Materialkosten,Betriebsmittelkosten,Gemeinkosten,A|B|C|D
Folgende Aussagen zur Kostenplanung auf Basis von Arbeitspaketen sind korrekt:,multiple_choice,Skript 6,medium,Kosten pro Arbeitspaket zu schätzen erleichtert später das Projektcontrolling.,Kosten sollten pro Arbeitspaket geschätzt werden,"Die Schätzung kann Personal, Material, Betriebsmittel und Sonstiges umfassen",Die Arbeitspaket-Sicht erleichtert Controlling in der Durchführung,Kostenplanung sollte grundsätzlich nur als Gesamtsumme ohne AP-Bezug erfolgen,A|B|C
Folgende Aussagen zur Finanz- beziehungsweise Budgetplanung sind korrekt:,multiple_choice,Skript 6,medium,"Auf Basis der Kostenplanung wird Budget-/Finanzplanung erstellt, damit Finanzmittel passend zum Bedarf verfügbar sind.",Sie basiert auf der Kostenplanung,Sie soll notwendige Finanzmittel entsprechend dem Finanzbedarf sichern,Sie betrachtet den zeitlichen Ablauf von Zahlungen,Einnahmen und Ausgaben fallen immer exakt gleichzeitig an,A|B|C
Folgende Schätzmethoden werden in den Folien genannt:,multiple_choice,Skript 6,medium,"Die Folien nennen intuitive Schätzung, Vergleichs-/Analogiemethode, Kennzahlenmethode und Detailschätzung.",Intuitive Schätzung,Vergleichs- oder Analogiemethode,Kennzahlenmethode,Detailschätzung,A|B|C|D
Folgende Ursachen für Fehlschätzungen werden genannt:,multiple_choice,Skript 6,medium,"Fehlschätzungen entstehen durch Nachlässigkeit, vergessene Arbeiten, Unterschätzung, unrealistische Vorgaben und Optimismus.",Notwendige Arbeiten werden vergessen,Unrealistische Vorgaben,Überschätzung eigener Fähigkeiten,Zuviel Optimismus beziehungsweise rosarote Brille,A|B|C|D
Folgende Aussagen zur Delphi-Methode sind korrekt:,multiple_choice,Skript 6,hard,"Die Delphi-Methode nutzt mehrere verdeckte Schätzrunden, Rückkopplung und Diskussion, um Schätzungen verlässlicher zu machen.",Sie eignet sich bei hohem Fehlerrisiko von Schätzungen,Mehrere verdeckte Schätzrunden werden durchgeführt,Ausreißer können durch Diskussion und Wiederholung reduziert werden,Sie ist völlig aufwandsfrei und daher immer die billigste Methode,A|B|C
Folgende Schritte gehören zum Projektcontrolling-Steuerungszyklus:,multiple_choice,Skript 6,medium,"Der Zyklus umfasst Ist-Werte, Soll-Ist-Vergleich, Abweichungsanalyse, Korrekturmaßnahmen und ggf. Planrevision.",Ist-Werte erfassen,Soll-Ist-Vergleich durchführen,Abweichungsanalyse durchführen,Korrekturmaßnahmen planen und durchführen,A|B|C|D
Folgende Aussagen zum Projektcontrolling nach DIN-orientierter Darstellung sind korrekt:,multiple_choice,Skript 6,hard,"Projektcontrolling sichert Zielerreichung über Ist-Daten, Soll-Ist-Vergleich, Abweichungsanalyse, Bewertung und Maßnahmensteuerung.",Ist-Datenerfassung gehört dazu,Soll-Ist-Vergleich gehört dazu,Analyse und Bewertung von Abweichungen gehören dazu,Maßnahmenplanung und Steuerung der Maßnahmen gehören dazu,A|B|C|D
Folgende Fragen sind bei der Vorbereitung des Projektcontrollings zu klären:,multiple_choice,Skript 6,medium,"Zu klären sind Überwachungsumfang, Rollen, Berichtswege, Hol-/Bring-Schuld und Ist-Wert-Erfassung.",Was soll überwacht werden?,"Wer berichtet wann, was und in welcher Form?",Gilt Hol- oder Bring-Schuld?,Wie werden Ist-Werte einheitlich erfasst?,A|B|C|D
Folgende Aussagen zur Earned Value Analyse sind korrekt:,multiple_choice,Skript 6,hard,"EVA überwacht Termin- und Kostentreue, prognostiziert Kosten und Endtermin, ist aber aufwendig und bei klar definiertem Leistungsumfang sinnvoll.",Sie kann Termin- und Kostentreue überwachen,Sie kann Prognosen zu Gesamtkosten und Endtermin unterstützen,Sie kann als Frühwarnsystem dienen,Sie ist bei völlig offenem Leistungsumfang ohne Aufwand immer ideal,A|B|C
Folgende Aussagen zu CPI und SPI in der Earned Value Analyse sind korrekt:,multiple_choice,Skript 6,hard,SPI und CPI setzen Earned Value zu Plan-Aufwand beziehungsweise Ist-Kosten in Beziehung; Werte unter 1 deuten auf Probleme hin.,SPI ist Earned Value geteilt durch Plan-Aufwand,CPI ist Earned Value geteilt durch Ist-Kosten,Ein Wert unter 1 kann auf Überbudget oder Zeitverzug hindeuten,Ein Wert größer 1 bedeutet zwingend Projektabbruch,A|B|C
Folgende Korrekturmaßnahmen bei Abweichungen werden in den Folien genannt:,multiple_choice,Skript 6,medium,"Korrekturmaßnahmen können mehr Personal, Überstunden, externe Vergabe, Scope-Reduktion oder Terminverschiebung sein.",Mehr Mitarbeiter einsetzen,Überstunden,Teilaufträge extern vergeben,Reduzierung von Leistungsumfang beziehungsweise Qualität oder Terminverschiebung,A|B|C|D
Folgende Aussagen zur Revision der Planung sind korrekt:,multiple_choice,Skript 6,hard,"Wenn Abweichungen nicht auffangbar sind oder neue Erkenntnisse Planvorgaben hinfällig machen, sind Leistung, Kosten oder Termine zu revidieren.",Leistungsergebnis kann revidiert werden,Kosten können revidiert werden,Termine können revidiert werden,Eine Revision darf auch bei überholten Planvorgaben niemals stattfinden,A|B|C
Folgende Aussagen zur Projektdokumentation sind korrekt:,multiple_choice,Skript 6,medium,"Projektdokumentation sammelt wesentliche Unterlagen zentral, unterstützt Information und Audits und wird nach Abschluss archiviert.",Sie ist eine systematische Sammlung wesentlicher Unterlagen,Wichtige Dokumente sollten zentral geführt werden,Sie ist relevant für mögliche Projekt-Audits,Nach Abschluss werden Dokumente archiviert,A|B|C|D
Folgende Dokumente können zur Projektdokumentation gehören:,multiple_choice,Skript 6,medium,"Die Folien nennen Projektziele, Pflichtenheft, Lastenheft, Verträge, Protokolle und Planungsunterlagen.","Projektziele, Pflichtenheft und Lastenheft",Verträge und Protokolle,Projektstrukturplan und Projektorganigramm,"Ablaufplan, Terminplan, Kostenplan und Budget-/Finanzplan",A|B|C|D
Folgende Projektberichte werden in den Folien unterschieden:,multiple_choice,Skript 6,easy,"Genannt werden Projekt-Statusbericht, Projekt-Sonderbericht und Projekt-Abschlussbericht.",Projekt-Statusbericht,Projekt-Sonderbericht,Projekt-Abschlussbericht,Privater Urlaubsbericht ohne Projektbezug,A|B|C
Folgende Aussagen zum Projektabschluss sind korrekt:,multiple_choice,Skript 6,medium,"Projektabschluss ist das formale Ende; mögliche Formen sind ordentlicher Abschluss, Abbruch, Aushöhlung oder Ausdehnung.",Ordnungsgemäßer Abschluss ist möglich,Projektabbruch ist möglich,Projektaushöhlung oder Projektausdehnung können auftreten,Der Projektabschluss ist immer identisch mit dem ersten Kickoff,A|B|C
Folgende Aufgaben gehören zur Projektabnahme und Abschlusssitzung:,multiple_choice,Skript 6,hard,"Projektabnahme prüft Zielerreichung und Erwartungen; die Abschlusssitzung analysiert Ergebnisse, Kosten, Verlauf und Lessons Learned.","Prüfen, ob die im Projektauftrag definierten Ziele erreicht wurden","Prüfen, ob Ergebnisse den Erwartungen entsprechen",Abschlusskalkulation und Analyse des Projektverlaufs,Erfahrungen als Lessons Learned weitergeben,A|B|C|D
Folgende Inhalte gehören typischerweise in einen Projektabschlussbericht:,multiple_choice,Skript 6,medium,"Der Abschlussbericht fasst Aufgaben, Ergebnisse, Zeit-, Kosten- und Personalaufwand sowie mögliche Anschlussprojekte zusammen.",Zusammenfassende Darstellung von Aufgaben,Darstellung erzielter Ergebnisse,"Zeit-, Kosten- und Personalaufwand",Hinweise auf mögliche Anschlussprojekte,A|B|C|D
